<?xml version="1.0" encoding="UTF-8" standalone="no"?><registros>
    <registro fecha="1621876675164">
        
    </registro>
<registro fecha="1621882446281"/><registro fecha="1623598602503"/><registro fecha="1623598662413"/><registro fecha="1623599164453"/><registro fecha="1623599177229"/><registro fecha="1623599203861"/><registro fecha="1623599214142"/><registro fecha="1623599222214"/><registro fecha="1623599233326"/><registro fecha="1623599303974"/><registro fecha="1624054045914"><sintoma>dolor de muela</sintoma><sintoma>tos seca</sintoma><sintoma>secrecion o congestion nasal</sintoma><sintoma>dolor de ojos</sintoma><sintoma>dolor de espalda</sintoma><sintoma>cansancio a los minimos esfuerzos</sintoma></registro></registros>