<?xml version="1.0" encoding="UTF-8" standalone="no"?><sintomas>
    
    
<sintoma><nombre>DOLOR CORPORAL</nombre><tipo>PrimeraFase</tipo></sintoma><sintoma><nombre>DOLOR DE OJOS</nombre><tipo>PrimeraFase</tipo></sintoma><sintoma><nombre>DOLOR DE CABEZA</nombre><tipo>PrimeraFase</tipo></sintoma><sintoma><nombre>VOMITOS</nombre><tipo>PrimeraFase</tipo></sintoma><sintoma><nombre>DIARREA</nombre><tipo>PrimeraFase</tipo></sintoma><sintoma><nombre>SECRECION NASAL</nombre><tipo>PrimeraFase</tipo><sinonimo>CONGESTION NASAL</sinonimo></sintoma><sintoma><nombre>DECAIMIENTO</nombre><tipo>PrimeraFase</tipo></sintoma><sintoma><nombre>OJOS ARDIENTES</nombre><tipo>PrimeraFase</tipo></sintoma><sintoma><nombre>ARDOR AL ORINAR</nombre><tipo>PrimeraFase</tipo></sintoma><sintoma><nombre>SENTIRSE FEBRIL</nombre><tipo>PrimeraFase</tipo></sintoma><sintoma><nombre>DOLOR DE GARGANTA</nombre><tipo>PrimeraFase</tipo><sinonimo>GARGANTA RASPADA</sinonimo></sintoma><sintoma><nombre>PERDIDA DEL GUSTO Y/O OLFATO</nombre><tipo>SegundaFase</tipo></sintoma><sintoma><nombre>CANSANCIO A LOS MINIMOS ESFUERZOS</nombre><tipo>SegundaFase</tipo></sintoma><sintoma><nombre>DOLOR EN EL PECHO</nombre><tipo>SegundaFase</tipo></sintoma><sintoma><nombre>DOLOR EN LA ESPALDA BAJA</nombre><tipo>SegundaFase</tipo></sintoma><sintoma><nombre>TOS SECA</nombre><tipo>SegundaFase</tipo></sintoma><sintoma><nombre>ALTA TEMPERATURA</nombre><tipo>SegundaFase</tipo></sintoma><sintoma><nombre>SEQUEDAD EN LA GARGANTA</nombre><tipo>SegundaFase</tipo></sintoma><sintoma><nombre>PICAZON DE GARGANTA</nombre><tipo>SegundaFase</tipo></sintoma><sintoma><nombre>DOLOR DE PIERNA</nombre><tipo>PrimeraFase</tipo></sintoma><sintoma><nombre>ARDOR DE BOZA</nombre><tipo>SegundaFase</tipo></sintoma></sintomas>